投诉编号,投诉品牌,投诉车系,投诉车型,问题简述,典型问题,投诉时间,投诉状态
515543,北京现代,名图,2017款 1.6T 自动 智能型 GLS,北京现代名图行驶中方向跑偏四轮定位未解决,前后桥及悬挂系统跑偏,2020/8/29,信息审核
515538,众泰汽车,云100,2014款 云100 舒适型,众泰云100动力电池故障要求尽快解决,车身附件及电器动力电池故障,2020/8/29,信息审核
515537,东风日产,逍客,2016款 2.0L CVT 精英版,东风日产逍客变速箱阀体损坏不予更换,变速器故障灯亮变速器滑阀箱故障,2020/8/29,信息审核
515535,上汽大众,朗逸,2013款 1.6L 自动 舒适版 改款,上汽大众朗逸发动机水泵处漏油要求解决,发动机漏油,2020/8/29,信息审核
515534,广汽丰田,凯美瑞,2018款 2.5G 自动 豪华版,广汽丰田凯美瑞发动机漏防冻液要求解决,发动机漏防冻液,2020/8/29,信息审核
515533,东风悦达起亚,起亚K2,2017款 1.4L 自动 GLS 三厢,起亚K2发动机加速异响4S店无法解决,发动机异响人员技术多次返修人员技术查不出原因,2020/8/29,信息审核
515532,一汽丰田,RAV4荣放,2015款 2.0L CVT 两驱都市版,一汽丰田RAV4荣放打方向卡顿有异响,转向系统异响转向系统卡滞,2020/8/29,信息审核
515525,一汽-大众,C-TREK蔚领,2018款 1.5L 自动 舒适型,一汽大众蔚领冷车启动发动机有异响,发动机异响,2020/8/29,信息审核
515523,长安跨越,跨越者D5,2019款 1.8L PLUS标准型 排半后双轮 标准货箱,长安跨越者D5倒车镜松动变速箱挂挡不顺畅,变速器挡把总成故障转向系统打方向沉重车身附件及电器部件开裂车身附件及电器后视镜故障,2020/8/29,信息审核
515521,东风日产,骐达TIIDA,2021款 1.6L CVT 智行版,东风日产骐达电瓶亏电要求尽快解决,车身附件及电器电瓶故障车身附件及电器行车安全辅助系统故障,2020/8/29,信息审核
515520,广汽乘用车,传祺GA4,2018款 150N 自动 豪华版,广汽传祺GA4变速箱漏油4S店不给解决,变速器漏油服务态度不解决问题服务态度厂家不回复,2020/8/29,信息审核
515518,东风裕隆,优6 SUV,2016款 1.8T 时尚升级型,纳智捷优6 SUV转向轴再次漏油要求处理,前后桥及悬挂系统半轴渗油配件争议配件质量差,2020/8/29,信息审核
515517,华晨宝马,宝马3系,2020款 330Li xDrive M运动曜夜套装,华晨宝马3系新车提车时前杠有剐蹭痕迹,服务态度不解决问题服务收费变相收费,2020/8/29,信息审核
515516,北京现代,悦动,2018款 1.6L 自动 悦目版 GL 国V,北京现代悦动发动机无法识别启动信号,变速器挡把总成故障,2020/8/29,信息审核
515508,东风启辰,启辰D60,2019款 1.6L XL CVT 智联精英版 国V,启辰D60底盘零件大面积生锈望厂家解决,车身附件及电器车身生锈服务态度不予索赔,2020/8/29,信息审核
515507,长城汽车,哈弗H6 Coupe,2016款 1.5T 手动 两驱精英型,哈弗H6 Coupe发动机异响 仪表台开裂,发动机异响前后桥及悬挂系统底盘异响车身附件及电器车身生锈车身附件及电器仪表台开裂车身附件及电器门窗异响车身附件及电器天窗漏水服务态度不予索赔,2020/8/29,信息审核
515506,一汽-大众,速腾,2015款 280TSI  自动 旗舰型,一汽大众速腾ABS传感器故障导致故障灯亮,制动系统ABS故障,2020/8/29,信息审核
515505,一汽-大众,速腾,2018款 280TSI DSG熠动版,一汽大众速腾韩泰轮胎有开裂希望厂家处理,轮胎开裂,2020/8/29,信息审核
515503,广汽本田,飞度,2014款 1.5L CVT LX舒适型,广汽本田飞度冷车启动发动机严重异响,发动机异响,2020/8/29,信息审核
515499,东风悦达起亚,智跑,2018款 2.0L 手动 时尚版,起亚智跑变速箱无法挂入倒挡4S店无法解决,变速器挡把总成故障服务态度不解决问题人员技术多次返修,2020/8/29,信息审核
515498,广汽乘用车,传祺GM8,2020款 领航款 390T 尊享版,广汽传祺GM8车门异响4S店多次维修未解决,车身附件及电器门窗异响人员技术多次返修,2020/8/29,信息审核
515494,一汽丰田,卡罗拉,2019款 1.2T S-CVT GL-i精英版,一汽丰田卡罗拉仪表转速指针不动查不出原因,车身附件及电器仪表故障人员技术查不出原因,2020/8/29,信息审核
515493,东风雪铁龙,雪铁龙C4L,2013款 1.6THP 自动 劲智版,东风雪铁龙C4L发动机烧机油望厂家处理,发动机烧机油,2020/8/29,信息审核
515491,广汽本田,飞度,2004款 两厢飞度 1.5 AT CVT,广汽本田飞度转向卡滞变速箱顿挫要求解决,变速器顿挫转向系统卡滞转向系统打方向沉重,2020/8/29,信息审核
515490,上汽大众,途观L,2019款 330TSI 自动 两驱 R-Line旗舰版 国VI,上汽大众途观L天窗和A柱漏水希望厂家解决,车身附件及电器车身漏水车身附件及电器天窗漏水,2020/8/29,信息审核
515488,东风日产,天籁,2016款 2.0L XL 舒适版 改款,东风日产天籁转向机漏油4S店不予质保,转向系统漏油服务态度不予索赔,2020/8/29,信息审核
515486,广汽三菱,欧蓝德,2019款 2.0L 两驱 畅享版 5座 国V,广汽三菱欧蓝德变速箱漏油希望厂家处理,变速器漏油,2020/8/29,信息审核
515484,上汽大众,途观L新能源,2020款 430PHEV 插电混动旗舰版,上汽大众途观L新能源漆面有伤希望厂家解决,车身附件及电器漆面起泡开裂,2020/8/29,信息审核
515482,东风标致,标致508,2012款 2.0L 自动 智享版,东风标致508车内异味严重希望尽快解决,车身附件及电器车内异味,2020/8/29,信息审核
515481,一汽解放,解放J6P,2020款质惠2.0 460马力,一汽解放J6F发动机加速无力油耗高,发动机功率不足发动机油耗高,2020/8/29,信息审核
515479,东风标致,标致408,2015款 1.2T 自动 豪华版,东风标致408发动机无法启动空调压缩机抱死 ,发动机无法启动车身附件及电器空调问题车身附件及电器轮毂问题,2020/8/29,信息审核
515475,长安马自达,马自达CX-30,2020款 2.0L 自动 雅悦型,长安马自达CX-30购车时4S店变相收取费用,服务收费变相收费服务收费价格不透明,2020/8/29,信息审核
515474,东风日产,天籁,2020款 2.0L XL Upper 智行版,东风日产天籁智联App无法使用,车身附件及电器车载互联故障,2020/8/29,信息审核
515469,一汽吉林,森雅R7,2017款 1.6L 自动 智能型,一汽吉林森雅R7发动机抖动异响噪音大,发动机异响发动机抖动发动机噪音大,2020/8/29,信息审核
515467,上汽集团,名爵3,2011款 1.3 手动 舒适版,上汽名爵3离合器时好时坏车辆无法行驶,离合器离合器失效,2020/8/29,厂家受理
515465,一汽-大众,高尔夫,2019款 280TSI DSG R-Line型 国V,一汽大众高尔夫大灯发白影响夜晚行车安全,车身附件及电器车灯不亮,2020/8/29,信息审核
515459,北京现代,领动,2018款 1.6L 自动 15周年特别版,北京现代领动转向沉重有异响车身多处生锈,转向系统异响转向系统打方向沉重车身附件及电器车身生锈,2020/8/29,信息审核
515457,一汽-大众,迈腾,2016款 1.8TSI 智享领先型,一汽大众迈腾车内异味严重要求厂家解决,车身附件及电器车内异味,2020/8/29,信息审核
515454,上汽大众,途观L,2017款 330TSI 两驱 旗舰版,上汽大众途观L天窗漏水严重4S店不予解决,车身附件及电器天窗漏水服务态度不解决问题销售欺诈出售问题车,2020/8/29,信息审核
515451,一汽-大众,高尔夫,2020款 200TSI DSG 舒适型,一汽大众高尔夫韩泰轮胎开裂4S店不保修,轮胎开裂服务态度不予索赔,2020/8/29,信息审核
515448,东风标致,标致408,2016款 1.6T 自动 豪华版,东风标致408发动机启动时异响4S店不保修,发动机异响发动机正时链条及齿轮故障服务态度不予索赔,2020/8/29,信息审核
515447,北汽新能源,北汽新能源EU,2017款 EU260 乐途plus版,北汽新能源EU刹车失灵4S店不予保修,制动系统刹车失灵制动系统刹车泵故障服务态度不予索赔,2020/8/29,信息审核
515444,一汽-大众奥迪,奥迪A6L,2016款 30 FSI CVT 舒适型,一汽大众奥迪A6L转向机卡滞4S店不保修,转向系统卡滞转向系统转向机故障服务态度互相推诿,2020/8/29,信息审核
515443,上汽通用五菱,宝骏530,2018款 1.5T 手动 豪华型 国V,宝骏530行驶中变速箱脱挡希望尽快处理,变速器脱挡,2020/8/29,处理反馈
515439,一汽丰田,RAV4荣放,2020款 2.0L CVT 两驱 风尚版,一汽丰田RAV4荣放方向盘不回正车内异响,前后桥及悬挂系统跑偏前后桥及悬挂系统四轮定位偏差车身附件及电器车内异响车身附件及电器车身不平整,2020/8/29,信息审核
515438,北京越野,北京BJ40,2019款 PLUS 2.3T 手动 四驱 尊贵版 国VI,北京BJ40转向机和前桥损坏厂家不予保修,转向系统转向机故障前后桥及悬挂系统前后桥异响服务态度不解决问题服务态度不予索赔,2020/8/29,信息审核
515435,上汽大众,朗逸,2019款 1.5L 自动 视野版 国VI,上汽大众朗逸车内异响4S店多次维修未解决,车身附件及电器车内异响人员技术多次返修人员技术查不出原因,2020/8/29,信息审核
515434,广汽本田,皓影,2020款 240TURBO CVT 两驱 尊贵版,广汽本田皓影前杠两侧裂开要求解决,车身附件及电器部件开裂,2020/8/29,信息审核
515433,长安跨越,跨越者D5,2019款 1.8L 舒适型 单排后双轮 标准货箱,长安跨越D5发动机故障灯报警要求解决,发动机故障灯亮车身附件及电器部件开裂服务态度不解决问题,2020/8/29,信息审核
515427,东风标致,标致408,2014款 1.6T 自动 至尊版,东风标致408轮毂氧化腐蚀要求解决,车身附件及电器轮毂问题,2020/8/29,信息审核
515426,东风雷诺,科雷缤,2019款 TCe270 自动 劲擎型,东风雷诺科雷缤承诺免流量10年不兑现,承诺不兑现销售承诺不兑现,2020/8/29,信息审核
515421,华晨宝马,宝马X3,2019款 xDrive28i 豪华套装,华晨宝马X3行驶中颠簸晃动售后未解决问题,前后桥及悬挂系统悬挂故障前后桥及悬挂系统行驶中颠簸服务态度不解决问题,2020/8/29,信息审核
515418,东风乘用车,风神AX7,2020款 1.6T 自动 AI领航型 国VI,东风风神AX7发动机异响 半轴球笼损坏,发动机异响前后桥及悬挂系统半轴脱落服务态度不解决问题,2020/8/29,信息审核
515409,北京现代,菲斯塔,2019款 280TGDi 运动版 国V,北京现代菲斯塔天窗异响转向沉重要求解决,转向系统异响车身附件及电器天窗异响服务态度不解决问题,2020/8/29,信息审核
515408,广汽本田,雅阁,2018款 260TURBO 精英版 国V,广汽本田雅阁前机盖碰撞设计不合理,其他疑似设计缺陷,2020/8/29,信息审核
515406,东风标致,标致408,2018款 350THP 自动 豪华版,东风标致408涡轮增压器异响厂家不予保修,发动机异响发动机涡轮增压器故障服务态度不予索赔,2020/8/29,信息审核
515405,东风日产,轩逸,2020款 改款 1.6L XL CVT 智享版,东风日产轩逸发动机启停故障要求厂家解决,车身附件及电器发动机启停系统故障服务态度不解决问题,2020/8/29,信息审核
515404,众泰汽车,众泰T300,2017款 1.5T 手动 尊贵型,众泰T300行驶中发动机抖动转向机异响,发动机抖动转向系统异响车身附件及电器中控锁故障配件争议无零配件,2020/8/29,信息审核
515403,宝马（进口）,宝马X5,2019款 xDrive40i 尊享型 M运动套装,宝马X5前置雷达与行人辅助故障无法使用,车身附件及电器行车安全辅助系统故障车身附件及电器倒车雷达失灵人员技术多次返修服务流程不完善系统升级问题,2020/8/29,信息审核
515401,众泰汽车,大迈X7,2017款 1.8T 手动 豪华型,众泰大迈X7底盘和车身有大面积生锈现象,车身附件及电器车身生锈服务态度态度蛮横,2020/8/29,信息审核
515400,长安马自达,马自达3 昂克赛拉,2016款 1.5L 自动 尊贵型 三厢,长安马自达昂克赛拉中控屏开胶厂家拒赔,车身附件及电器部件开裂服务态度不予索赔,2020/8/29,信息审核
515399,东风日产,骐达TIIDA,2021款 1.6L CVT 智行版,东风日产骐达车机花屏电瓶亏电要求解决,车身附件及电器影音系统故障车身附件及电器电瓶故障,2020/8/29,信息审核
515397,一汽-大众,迈腾,2020款 330TSI DSG 豪华型,一汽大众迈腾车身漏水严重刹车踏板异响,制动系统异响车身附件及电器车身漏水,2020/8/29,信息审核
515390,东风日产,奇骏,2020款 2.0L XE CVT 2WD 时尚版,东风日产奇骏雨刮器位置偏差4S店不解决,车身附件及电器雨刮器故障服务态度不解决问题服务态度态度蛮横,2020/8/29,信息审核
515389,BEIJING汽车,BEIJING-EU5,2019款 R500 智风版,北汽EU5行驶中刹车失灵造成车辆事故,制动系统刹车失灵,2020/8/29,处理反馈
515388,上汽大众,凌渡,2015款 230TSI DSG  风尚版,上汽大众凌渡变速箱机电单元故障要求解决,变速器故障灯亮变速器电脑板故障服务态度不予索赔,2020/8/29,信息审核
515387,东风本田,INSPIRE,2019款 锐·混动 2.0L 净尚版 国VI,东风本田INSPIRE转向机异响要求厂家解决,转向系统异响,2020/8/29,处理反馈
515385,江淮汽车,嘉悦A5,2020款 1.5T 手动 精英型,江淮嘉悦A5空调按键失灵 方向盘饰板脱落,车身附件及电器空调问题车身附件及电器部件开裂,2020/8/29,信息审核
515384,东风日产,逍客,2016款 2.0L CVT 豪华版,东风日产逍客变速箱无法加速4S店不予保修,变速器无法加速服务态度不予索赔,2020/8/29,信息审核
515380,一汽-大众奥迪,奥迪A4L,2019款 40 TFSI 时尚型 国V,一汽大众奥迪A4L尾灯开裂厂家不予保修,车身附件及电器灯罩裂纹或变形服务态度不予索赔,2020/8/29,信息审核
515377,长城汽车,哈弗F5,2018款 1.5T i潮版,哈弗F5变速箱抖动严重希望给予解决,变速器抖动,2020/8/29,处理反馈
515376,广汽丰田,凯美瑞,2018款 2.5G 自动 豪华版,广汽丰田凯美瑞刹车盘轴承生锈要求解决,制动系统生锈,2020/8/29,信息审核
515374,长安汽车,长安CS85 COUPE,2019款 1.5T DCT 品版 国VI,长安CS85 COUPE发动机异响 底盘异响,发动机异响前后桥及悬挂系统底盘异响,2020/8/29,信息审核
515371,北京现代,胜达,2019款 380 TGDi DLX 自动 两驱 智尊版 国V,北京现代胜达转向柱异响厂家没有配件,转向系统异响配件争议无零配件,2020/8/29,信息审核
515370,吉利汽车,帝豪GS,2016款 1.3T 自动 领尚型 运动版,吉利帝豪GS大灯灯眉发黄4S店不予解决,车身附件及电器车灯不亮服务态度不予索赔,2020/8/29,信息审核
515369,华晨鑫源,小海狮X30,2018款 1.3L 标准型 DLCG12,金杯小海狮X30刹车失灵要求尽快解决,制动系统刹车失灵,2020/8/29,信息审核
515364,比亚迪,比亚迪G5,2014款 1.5TID 自动 旗舰型,比亚迪G5中控蓝屏失灵要求尽快解决,车身附件及电器影音系统故障,2020/8/29,处理反馈
515362,奇瑞汽车,捷途X70,2018款 1.5T 自动 悦行版,捷途X70发动机抖动怠速不稳 前悬挂异响,发动机抖动发动机怠速不稳前后桥及悬挂系统底盘异响,2020/8/29,处理反馈
515361,一汽大众,捷达VS7,2020款 1.4T 自动 悦享型,捷达VS7发动机加速异响变速箱顿挫,发动机异响变速器顿挫,2020/8/29,信息审核
515358,广汽丰田,雷凌双擎E+,2019款 1.8PH GS E-CVT 精英天窗版,广汽丰田雷凌双擎E+车载互联数据错误,车身附件及电器车载互联故障,2020/8/29,信息审核
515356,一汽丰田,RAV4荣放,2015款 2.0L CVT 两驱都市版,一汽丰田rav4荣放右前侧半轴防尘套漏油,前后桥及悬挂系统球笼套漏油,2020/8/29,信息审核
515355,长安马自达,马自达3 昂克赛拉,2020款 2.0L 自动 质雅版,长安马自达昂克赛拉安全气囊故障报警,车身附件及电器气囊故障,2020/8/29,信息审核
515354,一汽-大众,探岳,2019款 330TSI 两驱 豪华型 国Ⅵ,一汽大众探岳大灯透镜发白影响照明,车身附件及电器车灯不亮服务态度故意拖延,2020/8/29,信息审核
515350,广汽菲克菲亚特,菲翔,2015款 1.4T 自动 劲享版,广汽菲亚特菲翔变速箱故障导致无法挂挡,变速器无法换挡变速器故障灯亮变速器无法加速,2020/8/29,信息审核
515348,众泰汽车,众泰T600 Coupe,2017款 1.5T 手动 豪华型,众泰T600 Coupe中控导航系统黑屏无法开机,车身附件及电器影音系统故障服务态度厂家不回复,2020/8/29,信息审核
515347,长安马自达,马自达3 昂克赛拉,2017款 1.5L 自动 舒适型 三厢 国V,长安马自达昂克赛拉固特异轮胎开裂,轮胎开裂,2020/8/29,信息审核
515344,北京现代,领动,2019款 1.5L CVT 智炫·精英型,北京现代领动空调风口损坏4S店否认质量问题,车身附件及电器空调问题服务态度否认质量问题,2020/8/29,信息审核
515341,雷克萨斯,雷克萨斯ES,2007款 ES350 3.5 AT/MT 标准版 增配型,雷克萨斯ES中控仪表台开裂粘手异味,车身附件及电器车内异味车身附件及电器仪表台开裂,2020/8/29,信息审核
515338,一汽-大众,高尔夫,2016款 1.6L  自动 时尚型,一汽大众高尔夫ABS泵故障服务态度恶劣,制动系统ABS故障服务态度态度蛮横服务态度否认质量问题,2020/8/29,信息审核
515337,长安汽车,睿骋,2014款 1.8T 自动 精英周年版 国IV,长安睿骋车内一直存在异味 空调制冷效果差,车身附件及电器车内异味车身附件及电器空调问题,2020/8/29,信息审核
515333,一汽大众,捷达VS7,2020款 1.4T 自动 荣耀型,捷达VS7前风挡漏水 涡轮增压器生锈,车身附件及电器车身生锈车身附件及电器车身漏水,2020/8/29,信息审核
515332,上汽大众,途观,2016款 300TSI 自动 两驱 豪华版,上汽大众途观顶棚遮阳板天窗漏水望厂家处理,车身附件及电器车身漏水车身附件及电器天窗漏水,2020/8/29,信息审核
515325,北京现代,途胜,2015款 1.6T   双离合 两驱 智能型,北京现代途胜转向机异响 4S店不予索赔,转向系统异响服务态度不予索赔,2020/8/29,信息审核
515323,东风日产,轩逸,2020款 1.6L XL CVT 智享版,东风日产轩逸中控屏幕黑屏厂家不给解决方案,车身附件及电器影音系统故障服务态度不解决问题,2020/8/29,信息审核
515321,东南汽车,东南DX3,2018款 1.5L 手动 尊贵型,东南DX3离合器异响4S店维修后未解决,离合器异响,2020/8/29,信息审核
515319,东风日产,骐达TIIDA,2021款 1.6L CVT 智行版,东风日产骐达TIIDA电瓶亏电导致无法启动,车身附件及电器电瓶故障,2020/8/29,信息审核
515313,东风日产,奇骏,2014款 2.0L XE CVT 两驱 时尚版,东风日产奇骏发动机及变速箱低速抖动,发动机抖动变速器顿挫变速器抖动,2020/8/29,信息审核
515305,上汽大众,途观L,2018款 330TSI 自动 两驱 舒适版,上汽大众途观L行驶中后轮吃胎偏磨,前后桥及悬挂系统吃胎偏磨服务态度不解决问题,2020/8/29,信息审核
515304,华晨宝马,宝马3系,2019款 320Li M运动曜夜版,华晨宝马3系方向盘抖动希望厂家处理解决,转向系统抖动服务态度互相推诿服务态度否认质量问题,2020/8/29,信息审核
515302,华晨宝马,宝马X3,2020款 xDrive30i 领先型 M运动套装,华晨宝马X3前悬挂异响希望厂家解决,前后桥及悬挂系统减震器异响服务态度态度蛮横,2020/8/29,信息审核
515299,广汽丰田,凯美瑞,2019款 2.0S 锋尚版 国VI,广汽丰田凯美瑞发动机及变速箱故障报警,发动机故障灯亮变速器故障灯亮,2020/8/29,信息审核
515290,广汽本田,缤智,2015款 1.5L CVT 两驱舒适型,广汽本田缤智变速箱钢带断裂4S店不予解决,变速器机械部件故障服务态度不予索赔,2020/8/28,信息审核
515288,一汽大众,捷达VS5,2019款 280TSI 手动 进取型,捷达VS5新车车窗玻璃升降异响无法关闭,车身附件及电器车窗升降故障,2020/8/28,信息审核
515283,东风日产,轩逸,2019款 1.6XE+ CVT 智联豪华版 经典,东风日产轩逸发动机渗油影响正常使用,发动机漏油,2020/8/28,信息审核
515282,野马汽车,野马T80,2017款 1.5T 手动 炫酷版,野马T80鸣笛喇叭不响 灯光接触不良,车身附件及电器车灯不亮车身附件及电器喇叭故障服务态度不解决问题人员技术查不出原因配件争议未按时到货,2020/8/28,处理反馈
515277,一汽红旗,红旗HS5,2019款 2.0T 智联旗享版,红旗HS5行驶中发动机熄火 中控屏重启,发动机熄火制动系统异响车身附件及电器影音系统故障车身附件及电器空调问题,2020/8/28,信息审核
515276,长城汽车,哈弗H2s,2018款 1.5T 双离合 精英型 红标,哈弗H2s变速箱异响要求尽快给予解决,变速器异响人员技术多次返修,2020/8/28,处理反馈
515273,东风标致,标致408,2019款 360THP 自动 豪华版 国VI,东风标致408佳通轮胎胎面凹陷厂家不保修,轮胎凹陷服务态度不予索赔,2020/8/28,信息审核
515271,广汽本田,雅阁,2018款 260TURBO 精英版 国VI,广汽本田雅阁转向卡滞异响 车身不平,转向系统异响转向系统卡滞转向系统打方向沉重制动系统异响前后桥及悬挂系统后桥塌陷前后桥及悬挂系统四轮定位偏差车身附件及电器车身异响车身附件及电器中控台异响,2020/8/28,信息审核
515269,上汽大众,朗逸,2017款 1.6L 自动 风尚版,上汽大众朗逸车漆鼓包密封条开裂减配严重,车身附件及电器漆面起泡开裂车身附件及电器密封条损坏服务态度厂家不回复其他疑似减配,2020/8/28,信息审核
515268,北京现代,领动,2016款 1.6L 自动 智炫·精英型,北京现代伊兰特转向沉重发动机无法提速,发动机噪音大发动机无法提速转向系统打方向沉重转向系统方向盘不正前后桥及悬挂系统跑偏,2020/8/28,信息审核
515266,领克汽车,领克03,2020款 1.5TD DCT 劲Pro版,领克03车辆无法启动 中控屏不能显示,车身附件及电器影音系统故障车身附件及电器电瓶故障车身附件及电器行车安全辅助系统故障车身附件及电器定速巡航故障,2020/8/28,信息审核
515263,领克汽车,领克03,2019款 1.5TD DCT 劲版 国VI,领克03发动机和减震器异响4S店不予解决,发动机异响前后桥及悬挂系统减震器异响车身附件及电器部件开裂车身附件及电器车载互联故障车身附件及电器车灯进水服务态度不解决问题,2020/8/28,信息审核
515261,一汽丰田,卡罗拉,2017款 1.2T CVT GLX-i 改款,一汽丰田卡罗拉变速箱顿挫4S店不予保修,变速器顿挫服务态度不解决问题服务态度不予索赔服务态度态度蛮横人员技术多次返修,2020/8/28,信息审核
515254,广汽丰田,凯美瑞,2016款 2.0G 自动 十周年纪念领先版,广汽丰田凯美瑞半轴防尘套漏油要求解决,前后桥及悬挂系统球笼套漏油服务态度不予索赔,2020/8/28,信息审核
515250,上汽通用五菱,五菱宏光,2013款 1.5L 豪华型L2B,五菱宏光车身生锈严重厂家不予解决,车身附件及电器车身生锈,2020/8/28,处理反馈
515249,广汽乘用车,传祺GS5,2020款 进阶款 270T 自动 豪华版,广汽传祺GS5新车漆面损伤4S店不予解决,销售欺诈出售问题车,2020/8/28,信息审核
515247,郑州日产,风度MX5,2016款 2.0L 手动 精英版,东风风度MX5变速箱无法摘挡4S店不保修,变速器挡把总成故障服务收费变相收费,2020/8/28,信息审核
515245,东风标致,标致408,2015款 1.2T 自动 豪华版,东风标致408召回维修后发动机烧机油严重,发动机烧机油其他召回方案不合理,2020/8/28,信息审核
515244,北汽新能源,EV系列,2016款 E150EV 经典版,北汽新能源EV系列空调压缩机多次故障,车身附件及电器空调问题配件争议无零配件配件争议配件质量差,2020/8/28,处理反馈
515242,广汽乘用车,传祺GA4,2018款 200T 自动 尊享版,广汽传祺GA4变速箱顿挫严重右前车门异响,变速器顿挫车身附件及电器门窗异响,2020/8/28,信息审核
515241,吉利汽车,帝豪GS,2018款 1.8L 自动 优雅版 领尚型,吉利帝豪GS起步动力消失 变速箱换挡异响,发动机动力消失变速器异响服务态度不解决问题服务态度态度蛮横,2020/8/28,信息审核
515239,一汽大众,捷达VS5,2019款 280TSI 自动 进取型,捷达VS5涡轮增压器生锈 转向异响抖动,发动机缸体生锈转向系统异响转向系统抖动制动系统异响车身附件及电器车身共振,2020/8/28,信息审核
515236,一汽-大众,速腾,2018款 280TSI 双离合 舒适型,一汽大众速腾变速箱机电控制单元故障,变速器电脑板故障,2020/8/28,信息审核
515235,东风日产,轩逸,2012款 1.6L XE 手动 舒适版 经典,东风日产轩逸转向柱异响十分严重,转向系统异响车身附件及电器车身生锈服务态度不予索赔,2020/8/28,信息审核
515234,一汽丰田,亚洲龙,2019款 双擎 2.5L 豪华版 国Ⅵ,一汽丰田亚洲龙下雨时发动机舱有泥浆,其他疑似设计缺陷,2020/8/28,信息审核
515228,一汽-大众,迈腾,2018款 330TSI DSG 豪华型,一汽大众迈腾大灯亮度不足要求给予解决,车身附件及电器车灯不亮,2020/8/28,信息审核
515226,路虎进口,揽胜运动版,2020款 3.0 L6 HST,进口路虎揽胜运动版发动机漏防冻液,发动机漏防冻液车身附件及电器影音系统故障,2020/8/28,信息审核
515220,奇瑞汽车,艾瑞泽5,2017款 1.5L CVT 领潮版,奇瑞艾瑞泽5变速箱无法加速要求厂家解决,变速器无法加速服务态度不解决问题人员技术多次返修,2020/8/28,信息审核
515219,上汽大众,途岳,2020款 280TSI 两驱 舒适版 国VI,上汽大众途岳4S店出售问题车辆不告知,销售欺诈出售问题车,2020/8/28,信息审核
515216,奇瑞汽车,瑞虎3,2014款 1.6L 手动 风尚版 5座,奇瑞瑞虎3车身生锈漆面开裂严重要求解决,车身附件及电器车身生锈车身附件及电器漆面起泡开裂,2020/8/28,信息审核
515213,东风日产,轩逸,2020款 改款 1.6L TOP CVT 奢享版,东风日产轩逸车道偏离系统失效4S店未解决,车身附件及电器行车安全辅助系统故障人员技术多次返修服务流程不完善系统升级问题,2020/8/28,信息审核
515212,吉利汽车,博瑞,2015款 1.8T 尊贵型,吉利博瑞转向助力失效卡死要求给予解决,转向系统卡滞转向系统失灵,2020/8/28,信息审核
515211,众泰汽车,众泰T500,2018款 1.5T 自动 尊享型 5座,众泰T500出现质量问题厂家不处理,变速器抖动服务态度不解决问题服务态度不予索赔服务态度态度蛮横服务态度厂家不回复,2020/8/28,信息审核
515208,一汽-大众,速腾,2019款 280TSI DSG 舒适型 国VI,一汽大众速腾变速箱异响严重要求尽快解决,变速器异响,2020/8/28,信息审核
515206,奥迪（进口）,奥迪A3（进口）,2014款 1.8T DCT Sportback舒适型,进口奥迪A3变速箱换挡机构故障要求召回,变速器挡把总成故障其他厂家不召回,2020/8/28,信息审核
515196,一汽丰田,卡罗拉,2017款 1.2T S-CVT GL 改款,一汽丰田卡罗拉底盘生锈希望厂家处理,车身附件及电器车身生锈,2020/8/28,信息审核
515194,东风雪铁龙,雪铁龙C4L,2014款 1.6THP 自动 车载互联劲智型,东风雪铁龙C4L节温器故障要求厂家解决,发动机冷却系统故障,2020/8/28,信息审核
515191,东风悦达起亚,智跑,2019款 2.0L 自动 智享豪华版,东风悦达起亚智跑经销商出售车辆库存时间长,销售欺诈出售库存车,2020/8/28,信息审核
515189,广汽丰田,凯美瑞,2013款 200G 2.0 自动 经典豪华版,广汽丰田凯美瑞中控台出油开裂影响视线,车身附件及电器仪表台开裂,2020/8/28,信息审核
515186,东风日产,轩逸,2020款 1.6L XL CVT 智享版,东风日产轩逸经销商出售问题车保险杠有喷漆,销售欺诈出售问题车,2020/8/28,信息审核
515184,奔驰（进口）,奔驰C级（进口）,2020款 C 260 轿跑车,进口奔驰C级发动机故障灯亮抖动严重,发动机抖动发动机故障灯亮发动机动力消失,2020/8/28,信息审核
515178,观致汽车,观致5,2019款 观致5S 1.6T GDI 尊贵型,观致5影音系统没有声音要求厂家处理,车身附件及电器影音系统故障,2020/8/28,信息审核
515175,一汽-大众,高尔夫·嘉旅,2016款 230TSI 自动 进取型,一汽大众高尔夫嘉旅内饰顶棚处漏水,车身附件及电器车身漏水车身附件及电器车灯进水,2020/8/28,信息审核
515167,BEIJING汽车,绅宝X35,2016款 1.5L 手动 豪华版,北汽绅宝X35转向柱生锈要求尽快解决,车身附件及电器车身生锈,2020/8/28,处理反馈
515166,广汽丰田,雷凌,2021款 185T CVT 豪华版,广汽丰田雷凌丰云行绑定手机号无法更改,车身附件及电器车载互联故障,2020/8/28,信息审核
515165,东风日产,轩逸,2021款 经典 1.6 XL CVT 豪华版,东风日产轩逸排气管变形4S店不予解决,车身附件及电器部件异常磨损服务态度不解决问题,2020/8/28,信息审核
515162,华晨宝马,宝马3系,2017款 320Li 时尚型,华晨宝马3系发动机水泵漏水要求给予保修,发动机漏防冻液,2020/8/28,信息审核
515161,东风标致,标致408,2016款 1.6T 自动 豪华版,东风标致408发动机抖动故障灯报警,发动机抖动发动机故障灯亮发动机无法提速人员技术多次返修,2020/8/28,信息审核
515158,上汽大众,途观L,2018款 330TSI 自动 两驱 豪华版,上汽大众途观L四轮定位偏差导致轮胎吃胎,前后桥及悬挂系统吃胎偏磨前后桥及悬挂系统四轮定位偏差,2020/8/28,信息审核
515157,东风标致,标致408,2015款 1.2T 自动 荣耀版,东风标致408发动机烧机油严重要求解决,发动机烧机油,2020/8/28,信息审核
515147,一汽-大众,迈腾,2010款 1.4TSI 精英型,一汽大众迈腾发动机飞轮出现生锈的现象,车身附件及电器车身生锈,2020/8/28,信息审核
515146,一汽-大众,速腾,2020款 200TSI DSG 舒适型 国VI,一汽大众速腾变速箱异响希望厂家处理问题,变速器异响,2020/8/28,信息审核
515144,上汽大众,朗逸,2013款 1.4TSI DSG豪华版,上汽大众朗逸车内顶棚绒布脱落要求解决,车身附件及电器部件开裂,2020/8/28,信息审核
515140,华晨宝马,宝马X1,2020款 xDrive25Li 尊享型,华晨宝马X1发动机怠速转速高换挡转速高,发动机怠速不稳变速器滑阀箱故障,2020/8/28,信息审核
515138,一汽红旗,红旗H5,2020款 1.8T 自动 智联旗畅版,一汽红旗H5发动机故障灯亮多次维修未解决,发动机故障灯亮,2020/8/28,信息审核
515134,东风日产,奇骏,2020款 2.0L XL Premium CVT 2WD 智联尊享版,东风日产奇骏4S店销售加装非原厂配件,服务态度不解决问题服务态度态度蛮横承诺不兑现销售承诺不兑现,2020/8/28,用户评分
515133,一汽-大众,迈腾,2015款 2.0TSI 豪华型,一汽大众迈腾车内异味影响身体健康,车身附件及电器车内异味,2020/8/28,信息审核
515127,比亚迪,速锐,2015款 1.5L 手动 豪华型,比亚迪速锐变速箱挂挡打齿 异响严重,变速器异响变速器机械部件故障,2020/8/28,处理反馈
515125,一汽-大众,速腾,2019款 280TSI DSG 舒适型 国VI,一汽大众速腾车门拉手胶垫处磨损掉漆,车身附件及电器车门把手故障,2020/8/28,信息审核
515121,东风小康,东风小康EC36,2020款 标准型 宁德时代电池,东风小康EC36动力电池温度过高要求解决,车身附件及电器电池组冷却系统故障,2020/8/28,处理反馈
515119,广汽本田,飞度,2014款 1.5L CVT LX舒适型,广汽本田飞度发动机冷启动异响要求解决,发动机异响,2020/8/28,信息审核
515117,华晨宝马,宝马X1,2020款 xDrive25Li 尊享型,华晨宝马X1发动机怠速高 厂家不回复信息,发动机怠速不稳服务态度厂家不回复,2020/8/28,信息审核
515113,东风悦达起亚,KX3傲跑,2015款 1.6T 自动 两驱DLX,起亚KX3傲跑发动机烧机油行驶中熄火,发动机烧机油发动机熄火,2020/8/28,信息审核
515111,领克汽车,领克01,2017款 2.0T 自动 两驱 型 Pro,领克01更改系统后功率不足变速箱顿挫,发动机功率不足发动机油耗高变速器顿挫服务态度厂家不回复服务流程不完善系统升级问题,2020/8/28,用户评分
515110,大众（进口）,途锐,2016款 3.0TSI R-Line,进口大众途锐固特异轮胎脱皮 行车灯不亮,轮胎起皮车身附件及电器车灯不亮,2020/8/28,信息审核
515109,东风悦达起亚,智跑,2019款 2.0L 自动 智享豪华版,起亚智跑4S店销售强制收取保单费用不退还,服务收费变相收费,2020/8/28,厂家受理
515108,知豆电动车,知豆D2,2017款 D2 乐享版,知豆D2换挡按键损坏脱落 4S店不予质保,车身附件及电器部件开裂服务态度不予索赔,2020/8/28,厂家受理
515107,吉利汽车,帝豪GL,2017款 1.8L 手动 精英型,吉利帝豪GL离合器不回弹 刹车故障灯亮,离合器离合器失效制动系统故障灯亮,2020/8/28,信息审核
515104,北汽银翔,幻速S6,2016款 1.5T CVT 尊享型,北汽幻速S6后备箱锁块损坏4S店没有配件,车身附件及电器中控锁故障配件争议无零配件,2020/8/28,信息审核
515103,北京奔驰,奔驰C级,2015款 200 L 运动型 改款,北京奔驰C级主驾座椅皮革开裂4S店不保修,车身附件及电器部件开裂服务态度不予索赔,2020/8/28,信息审核
515102,广汽丰田,汉兰达,2017款 2.0T 四驱 豪华版 7座,广汽丰田汉兰达发动机抖动 喷油嘴漏油,发动机抖动发动机故障灯亮发动机喷油嘴故障,2020/8/28,信息审核
515100,长安马自达,马自达3 昂克赛拉,2019款 云控版 三厢 1.5L 自动 豪华型 国VI,长安马自达昂克赛拉行驶中发动机熄火,发动机熄火人员技术多次返修人员技术查不出原因,2020/8/28,信息审核
515098,领克汽车,领克03,2018款 1.5TD DCT 劲Pro版 国V,领克03固特异轮胎开裂希望厂家处理,轮胎开裂,2020/8/28,用户评分
515095,上汽大众,凌渡,2019款 280TSI DSG 舒适版 国VI,上汽大众凌渡左侧大灯内部下雨天出现雾水,车身附件及电器车灯进水,2020/8/28,信息审核
515094,一汽丰田,RAV4荣放,2020款 双擎 2.5L CVT 四驱 精英PLUS版,一汽丰田RAV4荣放发动机机油增多,发动机机油增多,2020/8/28,信息审核
515081,北京奔驰,奔驰GLA,2016款 220 4MATIC 豪华型,北京奔驰GLA轮速传感器故障导致故障灯亮,车身附件及电器传感器故障,2020/8/28,信息审核
515080,长安汽车,逸动XT,2018款 1.6L GDI 自动 锐潮型 国V,长安逸动XT定速巡航故障气囊报警要求解决,发动机抖动变速器漏油车身附件及电器气囊故障车身附件及电器定速巡航故障,2020/8/28,厂家受理
515077,上汽大众,凌渡,2015款 330TSI DSG 豪华版,上汽大众凌渡变速箱故障无法挂入倒挡,变速器无法换挡,2020/8/28,信息审核
515075,吉利汽车,帝豪GS,2016款 1.3T 自动 臻尚型 运动版,吉利帝豪GS自适应巡航无法使用4S店不保修,车身附件及电器定速巡航故障服务态度不予索赔,2020/8/28,处理反馈
515070,比亚迪,比亚迪F6,2011款 1.8L 手动 豪华型,比亚迪F6发动机舱盖处有多处生锈的现象,车身附件及电器车身生锈车身附件及电器漆面起泡开裂,2020/8/28,处理反馈
515068,一汽-大众,速腾,2018款 280TSI 双离合 舒适型,一汽大众速腾发动机异响飞轮生锈要求解决,发动机异响变速器顿挫车身附件及电器车身生锈,2020/8/28,信息审核
515065,一汽-大众,探岳,2019款 330TSI 两驱 豪华型 国Ⅵ,一汽大众探岳低速行驶时变速箱异响顿挫,变速器异响变速器顿挫,2020/8/28,信息审核
515063,东风悦达起亚,奕跑,2019款 1.4L 自动 趣享版 国VI,东风悦达起亚奕跑热车后发动机无法启动,发动机无法启动,2020/8/28,信息审核
515061,广汽本田,雅阁,2018款 260TURBO 精英版 国V,广汽本田雅阁行驶过程中发动机熄火,发动机熄火,2020/8/28,处理反馈
515059,东风标致,标致3008,2015款 2.0L 自动 潮流版,东风标致3008电池充电或蓄电池系统故障,车身附件及电器电路故障,2020/8/28,处理反馈
515058,一汽奔腾,奔腾B50,2016款 1.6L 手动 舒适型,奔腾B50车身漆面大面积生锈4S店不予保修,车身附件及电器车身生锈车身附件及电器漆面起泡开裂服务态度不予索赔,2020/8/28,信息审核
515056,一汽-大众奥迪,奥迪A4L,2019款 40 TFSI 时尚型 国VI,一汽大众奥迪A4L车机和变速箱异响,变速器异响车身附件及电器影音系统故障,2020/8/28,信息审核
515054,广汽本田,凌派,2019款 180Turbo CVT 舒适版 国V,广汽本田凌派电子驻车按键塌陷要求处理,车身附件及电器部件开裂服务态度不予索赔,2020/8/28,处理反馈
515051,上汽大众,凌渡,2017款 230TSI DSG 风尚版,上汽大众凌渡仪表盘指针不自检无法修复,车身附件及电器仪表故障,2020/8/28,信息审核
515050,上汽斯柯达,昊锐,2009款 2.0TSI 自动 优雅版,斯柯达昊锐天窗漏水要求厂家给予解决,车身附件及电器天窗漏水,2020/8/28,信息审核
515047,长安马自达,马自达3 昂克赛拉,2016款 1.5L 自动 豪华型 三厢,长安马自达昂克赛拉方向盘掉漆导航屏幕开裂,车身附件及电器影音系统故障车身附件及电器漆面起泡开裂车身附件及电器部件开裂,2020/8/28,处理反馈
515041,奇瑞汽车,艾瑞泽5,2017款 1.5L 手动 领潮版,奇瑞艾瑞泽5左前轮异响换挡打齿望处理,变速器异响前后桥及悬挂系统车轮异响,2020/8/28,处理反馈
515040,东风雪铁龙,雪铁龙C4L,2014款 1.6THP 自动 智驱版 劲智型,东风雪铁龙C4L节温器故障要求厂家召回,发动机冷却系统故障其他厂家不召回,2020/8/28,处理反馈
515039,凯翼汽车,凯翼C3R,2015款 1.5L AMT 金钻版,凯翼C3R变速箱脱挡动力消失希望厂家处理,变速器无法加速,2020/8/28,信息审核
515038,一汽-大众,宝来,2020款 280TSI DSG 精英型,一汽大众宝来变速箱异响厂家拖延不处理,变速器异响,2020/8/28,信息审核
515035,华晨宝马,宝马X1,2020款 xDrive25Li 尊享型,华晨宝马X1发动机怠速高变速箱换挡顿挫,发动机怠速不稳变速器顿挫变速器拖挡服务态度不解决问题,2020/8/28,信息审核
515034,北京现代,领动,2016款 1.6L 自动 智炫·精英型,北京现代领动轮毂有不同程度氧化腐蚀,车身附件及电器轮毂问题服务态度不解决问题,2020/8/28,信息审核
515031,奇瑞汽车,艾瑞泽5,2019款 Pro 1.5L CVT青春版 改款 国VI,奇瑞艾瑞泽5方向盘不正变速箱故障灯亮,变速器故障灯亮变速器无法加速转向系统异响转向系统方向盘不正,2020/8/28,信息审核
515030,一汽-大众,探影,2020款 1.5L 自动 尚,一汽大众探影刹车异响 车内密封条热熔化,制动系统异响车身附件及电器门窗异响车身附件及电器密封条损坏,2020/8/28,信息审核
515025,上汽大众,朗逸,2019款 280TSI DSG 豪华版 国VI,上汽大众朗逸厂家销售活动未兑现欺骗消费者,承诺不兑现销售承诺不兑现,2020/8/28,信息审核
515022,华晨中华,中华V7,2018款 280T DCT 豪华型 5座,中华V7发动机有漏油的现象要求处理,发动机漏油服务态度故意拖延配件争议无零配件配件争议未按时到货,2020/8/28,信息审核
515021,东风日产,奇骏,2014款 2.5L XL CVT 四驱 领先版,东风日产奇骏变速箱无法加速希望厂家处理,变速器无法加速,2020/8/28,处理反馈
515011,一汽-大众,高尔夫,2017款 1.6L 自动 舒适百万辆纪念版,一汽大众高尔夫油门反应延迟导致车辆事故,发动机电子油门延迟服务态度不解决问题,2020/8/28,信息审核
515008,吉利汽车,帝豪GL,2018款 1.8L 自动 精英智联型,吉利帝豪GL车内隔音棉处无覆盖物,其他疑似设计缺陷,2020/8/28,处理反馈
515007,华晨宝马,宝马X1,2020款 xDrive25Li 尊享型,华晨宝马X1发动机怠速高低速换挡顿挫,发动机怠速不稳变速器顿挫,2020/8/28,信息审核
515003,SWM斯威汽车,SWM斯威X7,2018款 1.5T 自动 智享互联版 7座,SWM斯威X7变速箱挂挡时顿挫 发动机抖动,发动机抖动变速器顿挫,2020/8/28,厂家受理
515001,林肯（进口）,大陆,2019款 2.0T 两驱 尊享版 国VI,林肯大陆后排座椅靠背变硬且向内收缩,车身附件及电器座椅故障服务态度否认质量问题,2020/8/28,信息审核
514997,众泰汽车,大迈X5,2017款 1.6L 手动 舒适型 超值版,众泰大迈X5车窗升降故障希望厂家处理,车身附件及电器车窗升降故障,2020/8/28,信息审核
514996,上汽通用五菱,五菱荣光小卡,2020款 1.5L 基本型 国VI 单排 L3C,上汽通用五菱荣光小卡漆面多处开裂,车身附件及电器漆面起泡开裂,2020/8/28,处理反馈
514993,一汽丰田,卡罗拉,2019款 1.2T S-CVT GL-i精英版,一汽丰田卡罗拉智行互联被其他人注册过,销售欺诈出售问题车,2020/8/28,信息审核
514990,上汽大众,桑塔纳,2019款 1.5L 手动 风尚版 国VI,上汽大众桑塔纳发动机启动时异响故障报警,发动机异响发动机故障灯亮,2020/8/28,信息审核
514987,吉利汽车,帝豪GL,2019款 1.4T CVT 精英智享版,吉利帝豪GL车门生锈严重希望厂家处理,车身附件及电器车身生锈车身附件及电器漆面起泡开裂,2020/8/28,信息审核
514985,上汽大众,朗逸,2019款 280TSI DSG 舒适版 国VI,上汽大众朗逸变速箱异响严重希望处理,变速器异响,2020/8/28,信息审核
514984,一汽-大众,速腾,2015款 1.6L  自动 舒适型,一汽大众速腾发动机漏油 球笼套漏油,发动机漏油转向系统异响前后桥及悬挂系统球笼套漏油车身附件及电器车窗升降故障人员技术修出新问题,2020/8/28,处理反馈
514980,吉利汽车,远景S1,2018款 1.5L 手动 锋驰型,吉利远景S1车门生锈希望厂家处理问题,车身附件及电器车身生锈车身附件及电器漆面起泡开裂,2020/8/28,信息审核
514979,上汽通用五菱,五菱荣光,2017款 1.2L 基本型 加长,五菱荣光车身生锈严重要求尽快解决,车身附件及电器车身生锈,2020/8/28,处理反馈
514976,一汽-大众,高尔夫,2020款 280TSI DSG 舒适型,一汽大众高尔夫变速箱机电元件故障,变速器故障灯亮变速器滑阀箱故障,2020/8/28,处理反馈
514973,奇瑞汽车,艾瑞泽7,2016款 1.6L 手动 智效致臻版,奇瑞艾瑞泽7车门处有严重的生锈的现象,车身附件及电器车身生锈,2020/8/28,处理反馈
514972,奔驰（进口）,奔驰C级（进口）,2020款 C 260 轿跑车,进口奔驰C级发动机故障灯亮 车身严重抖动,发动机故障灯亮车身附件及电器车身共振,2020/8/28,信息审核
514964,东风标致,标致508,2019款 508L 400THP PureTech 驾控版 国VI,东风标致508车身B柱方向机天窗异响,转向系统异响车身附件及电器车身异响车身附件及电器天窗异响车身附件及电器座椅故障,2020/8/28,处理反馈
514962,长安凯程,长安睿行S50,2017款 1.5T 手动 旗舰型 5MT,长安凯程睿行S50车门生锈严重4S店不保修,车身附件及电器车身生锈服务态度不予索赔,2020/8/28,信息审核
514959,北京现代,领动,2018款 1.4T 双离合 炫动·活力型,北京现代领动变速箱顿挫 右前车窗升降慢,变速器顿挫变速器抖动车身附件及电器门窗异响车身附件及电器车窗升降故障,2020/8/28,信息审核
514957,上汽斯柯达,昊锐,2009款 1.8TSI 自动 尊雅版,斯柯达昊锐车内异味希望厂家解决处理,车身附件及电器车内异味,2020/8/28,信息审核
514955,广汽三菱,劲炫ASX,2013款 2.0L 自动 两驱 精英版 5座,广汽三菱劲客ASX购车四年车内异味严重,车身附件及电器车内异味,2020/8/28,厂家受理
514954,一汽-大众,迈腾,2017款 330TSI DSG 豪华型,一汽大众迈腾变速箱机电单元故障无法挂挡,变速器滑阀箱故障,2020/8/28,处理反馈
514952,奔驰（进口）,奔驰GLE,2017款 320 4MATIC 动感型,进口奔驰GLE空调出风口拔片损坏无法使用,车身附件及电器部件开裂,2020/8/28,信息审核
514944,野马汽车,野马T70,2016款 1.8T CVT 旗舰型 升级版,野马T70踩油门时发动机空转而且有异响,变速器无法加速变速器滑阀箱故障,2020/8/28,处理反馈
514943,广汽本田,飞度,2016款 1.5L LX CVT 舒适型,广汽本田飞度冷车启动发动机VTC阀异响,发动机异响,2020/8/28,处理反馈
514941,奇瑞汽车,捷途X70,2018款 1.5T 自动 悦行版,捷途X70变速箱顿挫 副驾驶车门内侧生锈,变速器顿挫车身附件及电器车身生锈,2020/8/28,用户评分
514938,奇瑞汽车,艾瑞泽5,2017款 1.5L CVT 豪华版,奇瑞艾瑞泽5减震器异响天窗玻璃异响,前后桥及悬挂系统减震器异响车身附件及电器天窗异响,2020/8/28,处理反馈
514933,沃尔沃亚太,沃尔沃S90,2020款 T5 智逸豪华版,亚太沃尔沃S90高速行驶方向盘抖动车身抖动,转向系统抖动车身附件及电器车身共振,2020/8/28,信息审核
514928,一汽-大众奥迪,奥迪A6L,2014款 30 FSI CVT 豪华型,一汽大众奥迪A6L右后视镜无法自动打开,车身附件及电器后视镜故障服务态度不予索赔,2020/8/28,信息审核
514924,东风日产,轩逸,2020款 1.6L XL CVT 悦享版,东风日产轩逸倒车影像蓝屏要求解决,车身附件及电器影音系统故障,2020/8/28,处理反馈
514923,众泰汽车,芝麻,2017款 标准型,众泰芝麻动力电池故障车辆无法行驶,车身附件及电器动力电池故障,2020/8/28,信息审核
514920,北京现代,领动,2019款 1.4T 双离合 炫动·活力型,北京现代领动发动机烧机油希望尽快处理,发动机烧机油,2020/8/28,信息审核
514916,宝沃汽车,宝沃BX5,2020款 20TGDI 自动 两驱先锋型,宝沃BX5行驶中下坡变速箱脱挡要求解决,变速器脱挡,2020/8/28,用户评分
514911,一汽-大众,迈腾,2017款 330TSI DSG 豪华型,一汽大众迈腾变速箱故障报警无法换挡提速,发动机故障灯亮变速器无法换挡变速器故障灯亮变速器无法加速变速器滑阀箱故障变速器跳挡,2020/8/28,处理反馈
514909,东风雪铁龙,雪铁龙C4L,2014款 1.6THP 自动 智驱版 劲智型,东风雪铁龙C4L大修发动机后无法加速,发动机无法提速服务态度故意拖延人员技术查不出原因,2020/8/28,处理反馈
514907,东风日产,轩逸,2016款 1.6XL CVT 尊享版,东风日产轩逸变速箱无法换挡无法加速,变速器无法换挡变速器无法加速服务态度厂家不回复,2020/8/28,处理反馈
514902,东风雪铁龙,凯旋,2006款 2.0L 手动 精英型,东风雪铁龙凯旋加满汽油后漏油望厂家解决,车身附件及电器油箱有缺陷,2020/8/28,信息审核
514896,东风标致,标致308,2014款 乐享版 经典 1.6L 自动 风尚型,东风标致308油箱及汽油泵变形 油表显示不准,变速器顿挫车身附件及电器仪表故障车身附件及电器汽油泵故障车身附件及电器油箱有缺陷人员技术维修技术差,2020/8/28,信息审核
514895,众泰汽车,众泰Z500,2015款 1.5T 手动 尊贵型,众泰Z500质保期内出现的质量问题不予索赔,服务态度不予索赔,2020/8/28,信息审核
514890,一汽-大众,宝来,2020款 1.5L 自动 舒适型,一汽大众宝来倒车影像系统黑屏望厂家解决,车身附件及电器影音系统故障,2020/8/27,处理反馈
514889,长安马自达,马自达3 昂克赛拉,2020款 2.0L 自动 质豪版,长安马自达3昂克赛拉前挡风玻璃炸裂,车身附件及电器玻璃开裂服务态度不予索赔服务态度否认质量问题,2020/8/27,处理反馈
514882,奔驰（进口）,奔驰S级,2019款 S 450 L 臻藏版,进口奔驰S级发动机故障灯亮4S店未解决,发动机故障灯亮车身附件及电器仪表故障服务态度不解决问题服务态度态度蛮横,2020/8/27,信息审核
514881,东风日产,轩逸,2019款 1.6XV CVT 智联尊享版 国VI,东风日产轩逸主驾驶座椅上车时晃动,车身附件及电器座椅故障,2020/8/27,处理反馈
514878,北京汽车,威旺S50,2016款 1.5T CVT 乐动 豪华型,北汽威旺S50车身抖动 经销商出售问题车,变速器抖动销售欺诈出售问题车,2020/8/27,厂家受理
514877,上汽通用五菱,宝骏610,2014款 1.5L 自动 舒适型 CROSS,宝骏610底盘边梁生锈希望厂家处理问题,车身附件及电器车身生锈,2020/8/27,处理反馈
514876,北京汽车,威旺M50F,2017款 1.5L 标准型,北汽威旺M50F合格证日期与铭牌相差太大,销售欺诈出售问题车,2020/8/27,厂家受理
514873,一汽-大众,速腾,2018款 1.6L 自动 舒适型,一汽大众速腾方向盘掉皮存在质量问题,车身附件及电器部件异常磨损,2020/8/27,处理反馈
514868,上汽大众,途昂X,2020款 改款 380TSI 四驱 尊崇豪华版,上汽大众途昂X后视镜角度无法固定,车身附件及电器后视镜故障,2020/8/27,处理反馈
514866,吉利汽车,帝豪GL,2017款 1.8L 自动 精英型,吉利帝豪GL车门生锈 排气管生锈质量差,车身附件及电器车身生锈车身附件及电器排气管锈蚀,2020/8/27,处理反馈
514865,一汽丰田,卡罗拉,2019款 双擎 1.8L E-CVT GL-i精英版,一汽丰田卡罗拉车灯亮度不达标无法登记,车身附件及电器车灯不亮,2020/8/27,信息审核
514860,众泰汽车,众泰Z700,2016款 1.8T DCT 典雅型,众泰Z700变速箱顿挫 转向异响4S店退网,发动机漏油变速器顿挫转向系统异响配件争议无零配件服务流程不完善服务网点少,2020/8/27,信息审核
514859,一汽-大众奥迪,奥迪Q2L,2020款 35TFSI 进取动感型,一汽大众奥迪Q2L发动机故障灯常亮,发动机故障灯亮,2020/8/27,信息审核
514858,东风日产,逍客,2019款 2.0L CVT 豪华版,东风日产逍客4S店销售低配当高配卖不解决,服务态度不解决问题销售欺诈低配当高配卖,2020/8/27,处理反馈
514851,奇瑞汽车,瑞虎8,2020款 290TGDI 自动 豪华版,奇瑞瑞虎8大灯照射存在盲区中控异响,车身附件及电器中控台异响其他疑似设计缺陷,2020/8/27,信息审核
514845,上汽大众,朗逸,2017款 1.6L 自动 风尚版,上汽大众朗逸车漆鼓包 车窗密封条开裂,车身附件及电器漆面起泡开裂车身附件及电器密封条损坏服务态度厂家不回复,2020/8/27,用户评分
514843,一汽大众,捷达VS7,2020款 1.4T 自动 悦享型,捷达VS7空调压缩机异响严重厂家不予解决,车身附件及电器空调问题服务态度不解决问题,2020/8/27,处理反馈
514842,一汽大众,捷达VS5,2019款 280TSI 自动 荣耀型,捷达VS5刹车异响要求厂家尽快解决,制动系统异响服务态度不解决问题,2020/8/27,处理反馈
514841,上汽斯柯达,速派,2019款 改款 TSI330 DSG 豪华版,斯柯达速派天窗胶条异响希望厂家处理,车身附件及电器天窗异响车身附件及电器密封条损坏服务态度厂家不回复,2020/8/27,处理反馈
514838,东风标致,标致308,2013款 1.6L 自动 优尚型,东风标致308变速箱异响无法加速要求解决,变速器异响变速器无法加速服务态度不予索赔,2020/8/27,信息审核
514832,长安汽车,长安欧尚X7,2020款 1.5T 自动 豪华型,长安欧尚X7后尾灯不亮要求厂家处理,车身附件及电器车灯不亮,2020/8/27,用户评分
514828,江铃福特,领界,2019款 EcoBoost 145 CVT 铂领型 国VI,江铃福特领界发动机无法启动故障灯亮,发动机故障灯亮发动机无法启动,2020/8/27,处理反馈
514826,一汽-大众奥迪,奥迪A6L,2017款 30 FSI CVT 舒适型,一汽大众奥迪A6L天窗漏水要求厂家处理,车身附件及电器天窗漏水,2020/8/27,信息审核
514823,一汽吉林,森雅R7,2016款 1.6L 手动 尊贵型,一汽吉林森雅R7导航黑屏要求厂家处理,车身附件及电器影音系统故障,2020/8/27,信息审核
514819,一汽-大众奥迪,奥迪A6L,2020款 40 TFSI 豪华动感型,一汽大众奥迪A6L车身抖动发动机异响,发动机怠速不稳变速器异响车身附件及电器车身共振,2020/8/27,信息审核
514818,一汽奔腾,奔腾B50,2013款 1.6L 手动 舒适型,一汽奔腾B50车身多处出现严重生锈的现象,车身附件及电器车身生锈,2020/8/27,信息审核
514816,华晨宝马,宝马X3,2020款 xDrive28i 豪华套装,华晨宝马X3发动机抖动 车内按键失灵,发动机抖动车身附件及电器影音系统故障,2020/8/27,信息审核
514812,长城汽车,哈弗F5,2018款 1.5T i潮版,哈弗F5变速箱换挡顿挫 仪表上油耗不准确,变速器顿挫车身附件及电器仪表故障,2020/8/27,处理反馈
514810,华晨中华,中华V6,2018款 1.5T 手动 精英型,华晨中华V6经销商无配件导致无法更换,配件争议无零配件,2020/8/27,信息审核
514809,长安汽车,长安欧尚X7,2020款 1.5T 自动 豪华型,长安欧尚X7空调压缩机漏水转向异响,转向系统异响车身附件及电器空调问题,2020/8/27,信息审核
514798,上汽大通,上汽大通MAXUS G50,2019款 1.5T 自动 精英版 国VI,上汽大通MAXUS G50发动机抖动异响,发动机异响发动机抖动,2020/8/27,处理反馈
514797,广汽乘用车,传祺GA4,2018款 200T 自动 尊享版,广汽传祺GA4室内顶灯眼镜盒总成自然脱落,车身附件及电器部件开裂,2020/8/27,信息审核
514789,吉利汽车,帝豪GL,2019款 1.4T CVT 尊贵智享型,吉利帝豪GL变速箱挡杆振动承诺解决未兑现,变速器异响变速器抖动,2020/8/27,处理反馈
514788,一汽丰田,RAV4荣放,2020款 2.0L CVT 两驱 都市版,一汽丰田RAV4荣放前后护板有严重色差,车身附件及电器车身有色差,2020/8/27,信息审核
514787,一汽丰田,RAV4荣放,2020款 2.5L CVT 两驱 精英版 双擎,一汽丰田RAV4荣放漆面鼓包开裂希望厂家处理,车身附件及电器漆面起泡开裂,2020/8/27,信息审核
514784,一汽-大众,宝来,2020款 1.5L 自动 舒适型,一汽大众宝来显示变速箱紧急模式维修未解决,变速器故障灯亮,2020/8/27,信息审核
514775,一汽-大众,速腾,2020款 280TSI DSG 舒适型 国VI,一汽大众速腾加速时异响4S店不处理,变速器异响,2020/8/27,处理反馈
514773,陆风汽车,陆风X5,2018款 1.5T 手动 创享版 Plus,陆风X5车身整体生锈存在质量问题,车身附件及电器车身生锈,2020/8/27,信息审核
514771,长安汽车,长安欧尚A600,2017款 1.5L 手动 豪华型,长安欧尚A600电池漏液车门生锈严重,车身附件及电器车身生锈车身附件及电器电瓶故障,2020/8/27,信息审核
514765,华晨宝马,宝马1系,2018款 改款 118i 运动型,华晨宝马1系座椅调节故障希望质保维修,车身附件及电器座椅故障,2020/8/27,信息审核
514764,东南汽车,翼神,2011款 1.8 手动 致尚版豪华型,东南三菱翼神无法换挡4S店拖延不处理,服务态度不解决问题配件争议无零配件,2020/8/27,处理反馈
514763,东风风行,菱智,2017款 1.5L 豪华型 7座 V3,东风风行菱智方向机漏油 售后无零件,转向系统漏油配件争议无零配件,2020/8/27,处理反馈
514762,众泰汽车,众泰Z700,2016款 1.8T 手动 豪华型,众泰Z700发动机车轮异响厂家无人处理,发动机异响前后桥及悬挂系统车轮异响,2020/8/27,信息审核
514756,一汽-大众,速腾,2017款 230TSI 自动 舒适型,一汽大众速腾行驶过程中变速箱有异响,变速器异响,2020/8/27,处理反馈
514753,华晨中华,中华V7,2018款 280T DCT 尊贵型 5座,华晨中华V7天窗漏水 顶棚脱落 售后无配件,车身附件及电器车身装饰脱落配件争议无零配件,2020/8/27,信息审核
514751,东风本田,本田CR-V,2019款 240TURBO CVT 两驱 舒适版 国V,东风本田CR-V经销商销售旧款车型不解决,服务态度不解决问题服务态度态度蛮横销售欺诈低配当高配卖,2020/8/27,用户评分
514749,东风日产,逍客,2016款 2.0L CVT 豪华版,东风日产逍客高速行驶过程中动力消失,变速器无法加速,2020/8/27,处理反馈
514743,一汽-大众,迈腾,2017款 330TSI DSG 豪华型,一汽大众迈腾变速箱无法提速动力消失,变速器无法加速变速器滑阀箱故障,2020/8/27,处理反馈
514736,吉利汽车,吉利icon,2020款 300T DCT 银河限量版,吉利icon售后维修导致线束损坏希望厂家处理,人员技术操作不规范人员技术粗心大意,2020/8/27,用户评分
514728,广汽三菱,欧蓝德,2019款 2.0L 两驱 畅享版 5座 国VI,广汽三菱欧蓝德发动机抖动熄火 座椅生锈,发动机抖动发动机功率不足发动机熄火发动机怠速不稳车身附件及电器车身生锈车身附件及电器车内异响,2020/8/27,厂家受理
514725,奇瑞汽车,瑞虎8,2020款 290TGDI 自动 豪华版,奇瑞瑞虎8发动机失缸 大灯转向盲区大,发动机抖动车身附件及电器灯组开关故障,2020/8/27,处理反馈
514722,长城汽车,哈弗H6 Coupe,2018款 1.5T 自动 两驱 超豪型 红标,哈弗H6 Coupe前大灯进水厂家不予解决,车身附件及电器车灯进水,2020/8/27,处理反馈
514716,一汽-大众,探岳,2019款 380TSI 四驱 尊贵型 国VI,一汽大众探岳4S店退保险要求缴纳补偿金,服务收费变相收费,2020/8/27,处理反馈
514714,一汽丰田,卡罗拉,2019款 1.2T S-CVT GL-i精英版,一汽丰田卡罗拉新车发动机异响不解决问题,发动机异响发动机噪音大服务态度不解决问题服务态度互相推诿服务态度否认质量问题,2020/8/27,信息审核
514712,一汽-大众奥迪,奥迪A3,2014款 Sportback 1.4T 双离合 进取型,一汽大众奥迪A3轮速传感器多次损坏,制动系统故障灯亮配件争议配件质量差,2020/8/27,信息审核
514711,一汽-大众,宝来,2018款 1.5L 自动 时尚型,一汽大众宝来锦湖轮胎开裂希望厂家处理,轮胎开裂,2020/8/27,用户评分
514709,一汽-大众,探岳,2019款 380TSI 四驱 R-Line 国VI,一汽大众探岳定损更换右后轮眉厂家无货,配件争议无零配件,2020/8/27,处理反馈
